JobID,SubmitTime,WaitTime,RunTime,NProc,UsedCPUTime,UsedMemory,ReqNProcs,ReqTime,ReqMemory,Status,UserID,GroupID,ExecutableID,QueueID,PartitionID,OrigSiteID,LastRunSiteID,JobStructure,JobStructureParams,UsedNetwork,UsedLocalDiskSpace,UsedResources,ReqPlatform,ReqNetwork,ReqLocalDiskSpace,ReqResources,VOID,ProjectID
1,1136070690,0,11,1,4.0,35848.0,1,259200.0,-1.0,1,U1023S0,G1,X1,Q1,1,clrlcgce01,clrlcgce01,-1,-1,-1.0,-1.0,-1,-1,-1.0,-1.0,-1,-1,-1
2,1136072890,1,46,1,3.0,49216.0,1,900.0,-1.0,1,U1018S0,G1,X1,Q2,1,clrlcgce01,clrlcgce01,-1,-1,-1.0,-1.0,-1,-1,-1.0,-1.0,-1,-1,-1
3,1136074695,1,197831,1,0.0,0.0,1,259200.0,-1.0,1,U1033S0,G6,X1,Q4,1,clrlcgce01,clrlcgce01,-1,-1,-1.0,-1.0,-1,-1,-1.0,-1.0,-1,-1,-1
4,1136074754,2,197682,1,0.0,0.0,1,259200.0,-1.0,1,U1033S0,G6,X1,Q4,1,clrlcgce01,clrlcgce01,-1,-1,-1.0,-1.0,-1,-1,-1.0,-1.0,-1,-1,-1
5,1136074756,2,197552,1,0.0,0.0,1,259200.0,-1.0,1,U1033S0,G6,X1,Q4,1,clrlcgce01,clrlcgce01,-1,-1,-1.0,-1.0,-1,-1,-1.0,-1.0,-1,-1,-1
6,1136074814,1,197495,1,0.0,0.0,1,259200.0,-1.0,1,U1033S0,G6,X1,Q4,1,clrlcgce01,clrlcgce01,-1,-1,-1.0,-1.0,-1,-1,-1.0,-1.0,-1,-1,-1
7,1136077528,58,-1,0,-1.0,-1.0,1,-1.0,-1.0,5,-1,-1,-1,Q3,1,clrlcgce01,clrlcgce01,-1,-1,-1.0,-1.0,-1,-1,-1.0,-1.0,-1,-1,-1
8,1136077775,58,-1,0,-1.0,-1.0,1,-1.0,-1.0,5,-1,-1,-1,Q2,1,clrlcgce01,clrlcgce01,-1,-1,-1.0,-1.0,-1,-1,-1.0,-1.0,-1,-1,-1
9,1136077889,58,-1,0,-1.0,-1.0,1,-1.0,-1.0,5,-1,-1,-1,Q3,1,clrlcgce01,clrlcgce01,-1,-1,-1.0,-1.0,-1,-1,-1.0,-1.0,-1,-1,-1
10,1136078195,58,-1,0,-1.0,-1.0,1,-1.0,-1.0,5,-1,-1,-1,Q2,1,clrlcgce01,clrlcgce01,-1,-1,-1.0,-1.0,-1,-1,-1.0,-1.0,-1,-1,-1
11,1136078435,58,-1,0,-1.0,-1.0,1,-1.0,-1.0,5,-1,-1,-1,Q2,1,clrlcgce01,clrlcgce01,-1,-1,-1.0,-1.0,-1,-1,-1.0,-1.0,-1,-1,-1
12,1136078608,58,-1,0,-1.0,-1.0,1,-1.0,-1.0,5,-1,-1,-1,Q3,1,clrlcgce01,clrlcgce01,-1,-1,-1.0,-1.0,-1,-1,-1.0,-1.0,-1,-1,-1
13,1136078676,117,-1,0,-1.0,-1.0,1,-1.0,-1.0,5,-1,-1,-1,Q2,1,clrlcgce01,clrlcgce01,-1,-1,-1.0,-1.0,-1,-1,-1.0,-1.0,-1,-1,-1
14,1136079148,58,-1,0,-1.0,-1.0,1,-1.0,-1.0,5,-1,-1,-1,Q3,1,clrlcgce01,clrlcgce01,-1,-1,-1.0,-1.0,-1,-1,-1.0,-1.0,-1,-1,-1
15,1136272204,2,922,1,20.0,74696.0,1,172800.0,-1.0,1,U1030S0,G1,X1,Q5,1,clrlcgce01,clrlcgce01,-1,-1,-1.0,-1.0,-1,-1,-1.0,-1.0,-1,-1,-1
16,1136274078,1,19143,1,18070.0,490916.0,1,259200.0,-1.0,1,U1033S0,G6,X1,Q4,1,clrlcgce01,clrlcgce01,-1,-1,-1.0,-1.0,-1,-1,-1.0,-1.0,-1,-1,-1
17,1136274080,2,19432,1,18657.0,470052.0,1,259200.0,-1.0,1,U1033S0,G6,X1,Q4,1,clrlcgce01,clrlcgce01,-1,-1,-1.0,-1.0,-1,-1,-1.0,-1.0,-1,-1,-1
18,1136276271,1,6,1,2.0,0.0,1,5400.0,-1.0,1,U1018S0,G1,X1,Q6,1,clrlcgce01,clrlcgce01,-1,-1,-1.0,-1.0,-1,-1,-1.0,-1.0,-1,-1,-1
19,1136278586,6,11,1,3.0,36968.0,1,172800.0,-1.0,1,U1023S0,G1,X1,Q5,1,clrlcgce01,clrlcgce01,-1,-1,-1.0,-1.0,-1,-1,-1.0,-1.0,-1,-1,-1
20,1136279143,1,1880,1,1583.0,393000.0,1,259200.0,-1.0,1,U1034S0,G4,X1,Q3,1,clrlcgce01,clrlcgce01,-1,-1,-1.0,-1.0,-1,-1,-1.0,-1.0,-1,-1,-1
21,1136282195,1,11,1,3.0,0.0,1,900.0,-1.0,1,U1023S0,G1,X1,Q2,1,clrlcgce01,clrlcgce01,-1,-1,-1.0,-1.0,-1,-1,-1.0,-1.0,-1,-1,-1
22,1136282277,1,94872,1,94777.0,152676.0,1,259200.0,-1.0,1,U1012S0,G2,X1,Q9,1,clrlcgce01,clrlcgce01,-1,-1,-1.0,-1.0,-1,-1,-1.0,-1.0,-1,-1,-1
23,1136282337,1,95505,1,95396.0,152684.0,1,259200.0,-1.0,1,U1012S0,G2,X1,Q9,1,clrlcgce01,clrlcgce01,-1,-1,-1.0,-1.0,-1,-1,-1.0,-1.0,-1,-1,-1
24,1136282339,2,95104,1,95008.0,152708.0,1,259200.0,-1.0,1,U1012S0,G2,X1,Q9,1,clrlcgce01,clrlcgce01,-1,-1,-1.0,-1.0,-1,-1,-1.0,-1.0,-1,-1,-1
25,1136282398,1,94965,1,94869.0,152716.0,1,259200.0,-1.0,1,U1012S0,G2,X1,Q9,1,clrlcgce01,clrlcgce01,-1,-1,-1.0,-1.0,-1,-1,-1.0,-1.0,-1,-1,-1
26,1136282457,1,94762,1,94674.0,152648.0,1,259200.0,-1.0,1,U1012S0,G2,X1,Q9,1,clrlcgce01,clrlcgce01,-1,-1,-1.0,-1.0,-1,-1,-1.0,-1.0,-1,-1,-1
27,1136283019,2,68,1,25.0,88760.0,1,900.0,-1.0,1,U1030S0,G1,X1,Q2,1,clrlcgce01,clrlcgce01,-1,-1,-1.0,-1.0,-1,-1,-1.0,-1.0,-1,-1,-1
28,1136283249,1,85,1,27.0,88500.0,1,900.0,-1.0,1,U1019S0,G1,X1,Q2,1,clrlcgce01,clrlcgce01,-1,-1,-1.0,-1.0,-1,-1,-1.0,-1.0,-1,-1,-1
29,1136283777,1,96079,1,95968.0,152708.0,1,259200.0,-1.0,1,U1012S0,G2,X1,Q9,1,clrlcgce01,clrlcgce01,-1,-1,-1.0,-1.0,-1,-1,-1.0,-1.0,-1,-1,-1
30,1136283836,2,93820,1,93723.0,152796.0,1,259200.0,-1.0,1,U1012S0,G2,X1,Q9,1,clrlcgce01,clrlcgce01,-1,-1,-1.0,-1.0,-1,-1,-1.0,-1.0,-1,-1,-1
31,1136283840,1,94176,1,94088.0,152684.0,1,259200.0,-1.0,1,U1012S0,G2,X1,Q9,1,clrlcgce01,clrlcgce01,-1,-1,-1.0,-1.0,-1,-1,-1.0,-1.0,-1,-1,-1
32,1136283897,2,55794,1,55642.0,175060.0,1,259200.0,-1.0,0,U1012S0,G2,X1,Q9,1,clrlcgce01,clrlcgce01,-1,-1,-1.0,-1.0,-1,-1,-1.0,-1.0,-1,-1,-1
33,1136283956,2,56738,1,56688.0,196084.0,1,259200.0,-1.0,0,U1012S0,G2,X1,Q9,1,clrlcgce01,clrlcgce01,-1,-1,-1.0,-1.0,-1,-1,-1.0,-1.0,-1,-1,-1
34,1136284016,2,94760,1,94674.0,152688.0,1,259200.0,-1.0,1,U1012S0,G2,X1,Q9,1,clrlcgce01,clrlcgce01,-1,-1,-1.0,-1.0,-1,-1,-1.0,-1.0,-1,-1,-1
35,1136284019,1,259302,1,95243.0,152732.0,1,259200.0,-1.0,0,U1012S0,G2,X1,Q9,1,clrlcgce01,clrlcgce01,-1,-1,-1.0,-1.0,-1,-1,-1.0,-1.0,-1,-1,-1
36,1136284078,1,95527,1,95264.0,152700.0,1,259200.0,-1.0,1,U1012S0,G2,X1,Q9,1,clrlcgce01,clrlcgce01,-1,-1,-1.0,-1.0,-1,-1,-1.0,-1.0,-1,-1,-1
37,1136284137,1,95894,1,95820.0,152732.0,1,259200.0,-1.0,1,U1012S0,G2,X1,Q9,1,clrlcgce01,clrlcgce01,-1,-1,-1.0,-1.0,-1,-1,-1.0,-1.0,-1,-1,-1
38,1136284197,1,94101,1,94012.0,152696.0,1,259200.0,-1.0,1,U1012S0,G2,X1,Q9,1,clrlcgce01,clrlcgce01,-1,-1,-1.0,-1.0,-1,-1,-1.0,-1.0,-1,-1,-1
39,1136284199,1,94357,1,94267.0,152656.0,1,259200.0,-1.0,1,U1012S0,G2,X1,Q9,1,clrlcgce01,clrlcgce01,-1,-1,-1.0,-1.0,-1,-1,-1.0,-1.0,-1,-1,-1
40,1136284257,1,95340,1,95221.0,152636.0,1,259200.0,-1.0,1,U1012S0,G2,X1,Q9,1,clrlcgce01,clrlcgce01,-1,-1,-1.0,-1.0,-1,-1,-1.0,-1.0,-1,-1,-1
41,1136284316,2,96566,1,96488.0,152728.0,1,259200.0,-1.0,1,U1012S0,G2,X1,Q9,1,clrlcgce01,clrlcgce01,-1,-1,-1.0,-1.0,-1,-1,-1.0,-1.0,-1,-1,-1
42,1136284376,1,95184,1,94833.0,152868.0,1,259200.0,-1.0,1,U1012S0,G2,X1,Q9,1,clrlcgce01,clrlcgce01,-1,-1,-1.0,-1.0,-1,-1,-1.0,-1.0,-1,-1,-1
43,1136284436,2,96115,1,96021.0,152704.0,1,259200.0,-1.0,1,U1012S0,G2,X1,Q9,1,clrlcgce01,clrlcgce01,-1,-1,-1.0,-1.0,-1,-1,-1.0,-1.0,-1,-1,-1
44,1136284439,1,94775,1,94439.0,152716.0,1,259200.0,-1.0,1,U1012S0,G2,X1,Q9,1,clrlcgce01,clrlcgce01,-1,-1,-1.0,-1.0,-1,-1,-1.0,-1.0,-1,-1,-1
45,1136284497,1,95956,1,95862.0,152744.0,1,259200.0,-1.0,1,U1012S0,G2,X1,Q9,1,clrlcgce01,clrlcgce01,-1,-1,-1.0,-1.0,-1,-1,-1.0,-1.0,-1,-1,-1
46,1136284556,1,94706,1,94589.0,152768.0,1,259200.0,-1.0,1,U1012S0,G2,X1,Q9,1,clrlcgce01,clrlcgce01,-1,-1,-1.0,-1.0,-1,-1,-1.0,-1.0,-1,-1,-1
47,1136284616,2,96514,1,96433.0,152672.0,1,259200.0,-1.0,1,U1012S0,G2,X1,Q9,1,clrlcgce01,clrlcgce01,-1,-1,-1.0,-1.0,-1,-1,-1.0,-1.0,-1,-1,-1
48,1136284619,1,95475,1,95398.0,152640.0,1,259200.0,-1.0,1,U1012S0,G2,X1,Q9,1,clrlcgce01,clrlcgce01,-1,-1,-1.0,-1.0,-1,-1,-1.0,-1.0,-1,-1,-1
49,1136284678,1,95104,1,95010.0,152724.0,1,259200.0,-1.0,1,U1012S0,G2,X1,Q9,1,clrlcgce01,clrlcgce01,-1,-1,-1.0,-1.0,-1,-1,-1.0,-1.0,-1,-1,-1
50,1136284736,1,95802,1,95716.0,152708.0,1,259200.0,-1.0,1,U1012S0,G2,X1,Q9,1,clrlcgce01,clrlcgce01,-1,-1,-1.0,-1.0,-1,-1,-1.0,-1.0,-1,-1,-1
51,1136284796,1,95680,1,95598.0,152700.0,1,259200.0,-1.0,1,U1012S0,G2,X1,Q9,1,clrlcgce01,clrlcgce01,-1,-1,-1.0,-1.0,-1,-1,-1.0,-1.0,-1,-1,-1
52,1136284799,1,92511,1,92427.0,152708.0,1,259200.0,-1.0,1,U1012S0,G2,X1,Q9,1,clrlcgce01,clrlcgce01,-1,-1,-1.0,-1.0,-1,-1,-1.0,-1.0,-1,-1,-1
53,1136284858,1,94746,1,94637.0,152628.0,1,259200.0,-1.0,1,U1012S0,G2,X1,Q9,1,clrlcgce01,clrlcgce01,-1,-1,-1.0,-1.0,-1,-1,-1.0,-1.0,-1,-1,-1
54,1136284917,1,95505,1,95419.0,152680.0,1,259200.0,-1.0,1,U1012S0,G2,X1,Q9,1,clrlcgce01,clrlcgce01,-1,-1,-1.0,-1.0,-1,-1,-1.0,-1.0,-1,-1,-1
55,1136284977,1,94713,1,94616.0,152720.0,1,259200.0,-1.0,1,U1012S0,G2,X1,Q9,1,clrlcgce01,clrlcgce01,-1,-1,-1.0,-1.0,-1,-1,-1.0,-1.0,-1,-1,-1
56,1136284980,1,94582,1,94473.0,152728.0,1,259200.0,-1.0,1,U1012S0,G2,X1,Q9,1,clrlcgce01,clrlcgce01,-1,-1,-1.0,-1.0,-1,-1,-1.0,-1.0,-1,-1,-1
57,1136285038,1,94656,1,94343.0,152764.0,1,259200.0,-1.0,1,U1012S0,G2,X1,Q9,1,clrlcgce01,clrlcgce01,-1,-1,-1.0,-1.0,-1,-1,-1.0,-1.0,-1,-1,-1
58,1136285097,1,94921,1,94821.0,152728.0,1,259200.0,-1.0,1,U1012S0,G2,X1,Q9,1,clrlcgce01,clrlcgce01,-1,-1,-1.0,-1.0,-1,-1,-1.0,-1.0,-1,-1,-1
59,1136285157,1,259248,1,93959.0,152784.0,1,259200.0,-1.0,0,U1012S0,G2,X1,Q9,1,clrlcgce01,clrlcgce01,-1,-1,-1.0,-1.0,-1,-1,-1.0,-1.0,-1,-1,-1
60,1136285217,1,95825,1,95729.0,152692.0,1,259200.0,-1.0,1,U1012S0,G2,X1,Q9,1,clrlcgce01,clrlcgce01,-1,-1,-1.0,-1.0,-1,-1,-1.0,-1.0,-1,-1,-1
61,1136285220,1,94839,1,94747.0,152836.0,1,259200.0,-1.0,1,U1012S0,G2,X1,Q9,1,clrlcgce01,clrlcgce01,-1,-1,-1.0,-1.0,-1,-1,-1.0,-1.0,-1,-1,-1
62,1136285278,1,94961,1,94872.0,152804.0,1,259200.0,-1.0,1,U1012S0,G2,X1,Q9,1,clrlcgce01,clrlcgce01,-1,-1,-1.0,-1.0,-1,-1,-1.0,-1.0,-1,-1,-1
63,1136285336,1,95105,1,95019.0,152728.0,1,259200.0,-1.0,1,U1012S0,G2,X1,Q9,1,clrlcgce01,clrlcgce01,-1,-1,-1.0,-1.0,-1,-1,-1.0,-1.0,-1,-1,-1
64,1136285396,1,43,1,3.0,49260.0,1,900.0,-1.0,1,U1020S0,G1,X1,Q2,1,clrlcgce01,clrlcgce01,-1,-1,-1.0,-1.0,-1,-1,-1.0,-1.0,-1,-1,-1
65,1136285397,1,94164,1,94044.0,152680.0,1,259200.0,-1.0,1,U1012S0,G2,X1,Q9,1,clrlcgce01,clrlcgce01,-1,-1,-1.0,-1.0,-1,-1,-1.0,-1.0,-1,-1,-1
66,1136285456,2,94155,1,94057.0,152692.0,1,259200.0,-1.0,1,U1012S0,G2,X1,Q9,1,clrlcgce01,clrlcgce01,-1,-1,-1.0,-1.0,-1,-1,-1.0,-1.0,-1,-1,-1
67,1136285459,1,94168,1,94087.0,152592.0,1,259200.0,-1.0,1,U1012S0,G2,X1,Q9,1,clrlcgce01,clrlcgce01,-1,-1,-1.0,-1.0,-1,-1,-1.0,-1.0,-1,-1,-1
68,1136285517,3,95354,1,95271.0,152656.0,1,259200.0,-1.0,1,U1012S0,G2,X1,Q9,1,clrlcgce01,clrlcgce01,-1,-1,-1.0,-1.0,-1,-1,-1.0,-1.0,-1,-1,-1
69,1136285576,2,94095,1,94002.0,152720.0,1,259200.0,-1.0,1,U1012S0,G2,X1,Q9,1,clrlcgce01,clrlcgce01,-1,-1,-1.0,-1.0,-1,-1,-1.0,-1.0,-1,-1,-1
70,1136285637,1,95220,1,95144.0,152644.0,1,259200.0,-1.0,1,U1012S0,G2,X1,Q9,1,clrlcgce01,clrlcgce01,-1,-1,-1.0,-1.0,-1,-1,-1.0,-1.0,-1,-1,-1
71,1136285639,1,93985,1,93894.0,152688.0,1,259200.0,-1.0,1,U1012S0,G2,X1,Q9,1,clrlcgce01,clrlcgce01,-1,-1,-1.0,-1.0,-1,-1,-1.0,-1.0,-1,-1,-1
72,1136285698,1,94871,1,94774.0,152724.0,1,259200.0,-1.0,1,U1012S0,G2,X1,Q9,1,clrlcgce01,clrlcgce01,-1,-1,-1.0,-1.0,-1,-1,-1.0,-1.0,-1,-1,-1
73,1136285757,1,94862,1,94783.0,152608.0,1,259200.0,-1.0,1,U1012S0,G2,X1,Q9,1,clrlcgce01,clrlcgce01,-1,-1,-1.0,-1.0,-1,-1,-1.0,-1.0,-1,-1,-1
74,1136285846,2,96013,1,95931.0,152704.0,1,259200.0,-1.0,1,U1012S0,G2,X1,Q9,1,clrlcgce01,clrlcgce01,-1,-1,-1.0,-1.0,-1,-1,-1.0,-1.0,-1,-1,-1
75,1136285849,2,94289,1,94199.0,152696.0,1,259200.0,-1.0,1,U1012S0,G2,X1,Q9,1,clrlcgce01,clrlcgce01,-1,-1,-1.0,-1.0,-1,-1,-1.0,-1.0,-1,-1,-1
76,1136285907,1,48992,1,0.0,0.0,1,259200.0,-1.0,1,U1012S0,G2,X1,Q9,1,clrlcgce01,clrlcgce01,-1,-1,-1.0,-1.0,-1,-1,-1.0,-1.0,-1,-1,-1
77,1136285966,2,48932,1,0.0,0.0,1,259200.0,-1.0,1,U1012S0,G2,X1,Q9,1,clrlcgce01,clrlcgce01,-1,-1,-1.0,-1.0,-1,-1,-1.0,-1.0,-1,-1,-1
78,1136285969,1,94444,1,94358.0,152692.0,1,259200.0,-1.0,1,U1012S0,G2,X1,Q9,1,clrlcgce01,clrlcgce01,-1,-1,-1.0,-1.0,-1,-1,-1.0,-1.0,-1,-1,-1
79,1136286026,1,95080,1,94999.0,152688.0,1,259200.0,-1.0,1,U1012S0,G2,X1,Q9,1,clrlcgce01,clrlcgce01,-1,-1,-1.0,-1.0,-1,-1,-1.0,-1.0,-1,-1,-1
80,1136286086,1,97514,1,97432.0,152796.0,1,259200.0,-1.0,1,U1012S0,G2,X1,Q9,1,clrlcgce01,clrlcgce01,-1,-1,-1.0,-1.0,-1,-1,-1.0,-1.0,-1,-1,-1
81,1136286089,1,96121,1,96039.0,152688.0,1,259200.0,-1.0,1,U1012S0,G2,X1,Q9,1,clrlcgce01,clrlcgce01,-1,-1,-1.0,-1.0,-1,-1,-1.0,-1.0,-1,-1,-1
82,1136286147,1,95669,1,95577.0,152704.0,1,259200.0,-1.0,1,U1012S0,G2,X1,Q9,1,clrlcgce01,clrlcgce01,-1,-1,-1.0,-1.0,-1,-1,-1.0,-1.0,-1,-1,-1
83,1136286206,1,94485,1,94398.0,152660.0,1,259200.0,-1.0,1,U1012S0,G2,X1,Q9,1,clrlcgce01,clrlcgce01,-1,-1,-1.0,-1.0,-1,-1,-1.0,-1.0,-1,-1,-1
84,1136286266,1,95120,1,95033.0,152692.0,1,259200.0,-1.0,1,U1012S0,G2,X1,Q9,1,clrlcgce01,clrlcgce01,-1,-1,-1.0,-1.0,-1,-1,-1.0,-1.0,-1,-1,-1
85,1136286269,1,94345,1,94247.0,152744.0,1,259200.0,-1.0,1,U1012S0,G2,X1,Q9,1,clrlcgce01,clrlcgce01,-1,-1,-1.0,-1.0,-1,-1,-1.0,-1.0,-1,-1,-1
86,1136286328,1,94228,1,94145.0,152700.0,1,259200.0,-1.0,1,U1012S0,G2,X1,Q9,1,clrlcgce01,clrlcgce01,-1,-1,-1.0,-1.0,-1,-1,-1.0,-1.0,-1,-1,-1
87,1136286386,2,94202,1,94108.0,152744.0,1,259200.0,-1.0,1,U1012S0,G2,X1,Q9,1,clrlcgce01,clrlcgce01,-1,-1,-1.0,-1.0,-1,-1,-1.0,-1.0,-1,-1,-1
88,1136286446,2,93387,1,93300.0,152692.0,1,259200.0,-1.0,1,U1012S0,G2,X1,Q9,1,clrlcgce01,clrlcgce01,-1,-1,-1.0,-1.0,-1,-1,-1.0,-1.0,-1,-1,-1
89,1136286449,1,95365,1,95274.0,152652.0,1,259200.0,-1.0,1,U1012S0,G2,X1,Q9,1,clrlcgce01,clrlcgce01,-1,-1,-1.0,-1.0,-1,-1,-1.0,-1.0,-1,-1,-1
90,1136286508,1,94287,1,94185.0,152664.0,1,259200.0,-1.0,1,U1012S0,G2,X1,Q9,1,clrlcgce01,clrlcgce01,-1,-1,-1.0,-1.0,-1,-1,-1.0,-1.0,-1,-1,-1
91,1136286567,1,94526,1,94441.0,152716.0,1,259200.0,-1.0,1,U1012S0,G2,X1,Q9,1,clrlcgce01,clrlcgce01,-1,-1,-1.0,-1.0,-1,-1,-1.0,-1.0,-1,-1,-1
92,1136286627,1,95400,1,95307.0,152632.0,1,259200.0,-1.0,1,U1012S0,G2,X1,Q9,1,clrlcgce01,clrlcgce01,-1,-1,-1.0,-1.0,-1,-1,-1.0,-1.0,-1,-1,-1
93,1136286687,3,96989,1,96912.0,152716.0,1,259200.0,-1.0,1,U1012S0,G2,X1,Q9,1,clrlcgce01,clrlcgce01,-1,-1,-1.0,-1.0,-1,-1,-1.0,-1.0,-1,-1,-1
94,1136286748,94217,-1,0,-1.0,-1.0,1,-1.0,-1.0,5,-1,-1,-1,Q9,1,clrlcgce01,clrlcgce01,-1,-1,-1.0,-1.0,-1,-1,-1.0,-1.0,-1,-1,-1
95,1136286808,94157,-1,0,-1.0,-1.0,1,-1.0,-1.0,5,-1,-1,-1,Q9,1,clrlcgce01,clrlcgce01,-1,-1,-1.0,-1.0,-1,-1,-1.0,-1.0,-1,-1,-1
96,1136286811,94154,-1,0,-1.0,-1.0,1,-1.0,-1.0,5,-1,-1,-1,Q9,1,clrlcgce01,clrlcgce01,-1,-1,-1.0,-1.0,-1,-1,-1.0,-1.0,-1,-1,-1
97,1136286869,48081,5015,1,4806.0,113648.0,1,259200.0,-1.0,0,U1012S0,G2,X1,Q9,1,clrlcgce01,clrlcgce01,-1,-1,-1.0,-1.0,-1,-1,-1.0,-1.0,-1,-1,-1
98,1136286928,94037,-1,0,-1.0,-1.0,1,-1.0,-1.0,5,-1,-1,-1,Q9,1,clrlcgce01,clrlcgce01,-1,-1,-1.0,-1.0,-1,-1,-1.0,-1.0,-1,-1,-1
99,1136286987,93979,-1,0,-1.0,-1.0,1,-1.0,-1.0,5,-1,-1,-1,Q9,1,clrlcgce01,clrlcgce01,-1,-1,-1.0,-1.0,-1,-1,-1.0,-1.0,-1,-1,-1
